mc	mn	quarterbeats	quarterbeats_all_endings	duration_qb	mc_onset	mn_onset	event	timesig	staff	voice	duration	nominal_duration	scalar	chord_id
1	1	0	0	2.0	0	0	Chord	4/4	1	1	1/2	1/2	1	0
1	1	2	2	2.0	1/2	1/2	Chord	4/4	1	1	1/2	1/2	1	1
1	1	0	0	2.0	0	0	Chord	4/4	2	1	1/2	1/2	1	2
1	1	2	2	2.0	1/2	1/2	Chord	4/4	2	1	1/2	1/2	1	3
1	1	0	0	2.0	0	0	Chord	4/4	3	1	1/2	1/2	1	4
1	1	2	2	2.0	1/2	1/2	Chord	4/4	3	1	1/2	1/2	1	5
1	1	0	0	2.0	0	0	Chord	4/4	4	1	1/2	1/2	1	6
1	1	2	2	2.0	1/2	1/2	Chord	4/4	4	1	1/2	1/2	1	7
2	2	4	4	1.0	0	0	Chord	4/4	1	1	1/4	1/4	1	8
2	2	5	5	1.0	1/4	1/4	Chord	4/4	1	1	1/4	1/4	1	9
2	2	6	6	1.0	1/2	1/2	Chord	4/4	1	1	1/4	1/4	1	10
2	2	7	7	1.0	3/4	3/4	Chord	4/4	1	1	1/4	1/4	1	11
2	2	4	4	1.0	0	0	Chord	4/4	2	1	1/4	1/4	1	12
2	2	5	5	1.0	1/4	1/4	Chord	4/4	2	1	1/4	1/4	1	13
2	2	6	6	1.0	1/2	1/2	Chord	4/4	2	1	1/4	1/4	1	14
2	2	7	7	1.0	3/4	3/4	Chord	4/4	2	1	1/4	1/4	1	15
2	2	4	4	1.0	0	0	Chord	4/4	3	1	1/4	1/4	1	16
2	2	5	5	1.0	1/4	1/4	Chord	4/4	3	1	1/4	1/4	1	17
2	2	6	6	1.0	1/2	1/2	Chord	4/4	3	1	1/4	1/4	1	18
2	2	7	7	1.0	3/4	3/4	Chord	4/4	3	1	1/4	1/4	1	19
2	2	4	4	1.0	0	0	Chord	4/4	4	1	1/4	1/4	1	20
2	2	5	5	1.0	1/4	1/4	Chord	4/4	4	1	1/4	1/4	1	21
2	2	6	6	1.0	1/2	1/2	Chord	4/4	4	1	1/4	1/4	1	22
2	2	7	7	1.0	3/4	3/4	Chord	4/4	4	1	1/4	1/4	1	23
3	3	8	8	2.0	0	0	Chord	4/4	1	1	1/2	1/2	1	24
3	3	10	10	2.0	1/2	1/2	Chord	4/4	1	1	1/2	1/2	1	25
3	3	8	8	2.0	0	0	Chord	4/4	2	1	1/2	1/2	1	26
3	3	10	10	2.0	1/2	1/2	Chord	4/4	2	1	1/2	1/2	1	27
3	3	8	8	2.0	0	0	Chord	4/4	3	1	1/2	1/2	1	28
3	3	10	10	2.0	1/2	1/2	Chord	4/4	3	1	1/2	1/2	1	29
3	3	8	8	2.0	0	0	Chord	4/4	4	1	1/2	1/2	1	30
3	3	10	10	2.0	1/2	1/2	Chord	4/4	4	1	1/2	1/2	1	31
4	4	12	12	2.0	0	0	Chord	4/4	1	1	1/2	1/2	1	32
4	4	14	14	1.0	1/2	1/2	Chord	4/4	1	1	1/4	1/4	1	33
4	4	15	15	1.0	3/4	3/4	Chord	4/4	1	1	1/4	1/4	1	34
4	4	12	12	2.0	0	0	Chord	4/4	2	1	1/2	1/2	1	35
4	4	14	14	1.0	1/2	1/2	Chord	4/4	2	1	1/4	1/4	1	36
4	4	15	15	1.0	3/4	3/4	Chord	4/4	2	1	1/4	1/4	1	37
4	4	12	12	2.0	0	0	Chord	4/4	3	1	1/2	1/2	1	38
4	4	14	14	1.0	1/2	1/2	Chord	4/4	3	1	1/4	1/4	1	39
4	4	15	15	1.0	3/4	3/4	Chord	4/4	3	1	1/4	1/4	1	40
4	4	12	12	2.0	0	0	Chord	4/4	4	1	1/2	1/2	1	41
4	4	14	14	1.0	1/2	1/2	Chord	4/4	4	1	1/4	1/4	1	42
4	4	15	15	1.0	3/4	3/4	Chord	4/4	4	1	1/4	1/4	1	43
5	5	16	16	1.0	0	0	Chord	4/4	1	1	1/4	1/4	1	44
5	5	17	17	1.0	1/4	1/4	Chord	4/4	1	1	1/4	1/4	1	45
5	5	18	18	2.0	1/2	1/2	Chord	4/4	1	1	1/2	1/2	1	46
5	5	16	16	1.0	0	0	Chord	4/4	2	1	1/4	1/4	1	47
5	5	17	17	1.0	1/4	1/4	Chord	4/4	2	1	1/4	1/4	1	48
5	5	18	18	2.0	1/2	1/2	Chord	4/4	2	1	1/2	1/2	1	49
5	5	16	16	1.0	0	0	Chord	4/4	3	1	1/4	1/4	1	50
5	5	17	17	1.0	1/4	1/4	Chord	4/4	3	1	1/4	1/4	1	51
5	5	18	18	2.0	1/2	1/2	Chord	4/4	3	1	1/2	1/2	1	52
5	5	16	16	1.0	0	0	Chord	4/4	4	1	1/4	1/4	1	53
5	5	17	17	1.0	1/4	1/4	Chord	4/4	4	1	1/4	1/4	1	54
5	5	18	18	2.0	1/2	1/2	Chord	4/4	4	1	1/2	1/2	1	55
6	6	22	22	2.0	1/2	1/2	Chord	4/4	1	1	1/2	1/2	1	56
6	6	22	22	2.0	1/2	1/2	Chord	4/4	2	1	1/2	1/2	1	57
6	6	22	22	2.0	1/2	1/2	Chord	4/4	3	1	1/2	1/2	1	58
6	6	22	22	2.0	1/2	1/2	Chord	4/4	4	1	1/2	1/2	1	59
7	7	24	24	2.0	0	0	Chord	4/4	1	1	1/2	1/2	1	60
7	7	26	26	1.0	1/2	1/2	Chord	4/4	1	1	1/4	1/4	1	61
7	7	27	27	1.0	3/4	3/4	Chord	4/4	1	1	1/4	1/4	1	62
7	7	24	24	2.0	0	0	Chord	4/4	2	1	1/2	1/2	1	63
7	7	26	26	1.0	1/2	1/2	Chord	4/4	2	1	1/4	1/4	1	64
7	7	27	27	1.0	3/4	3/4	Chord	4/4	2	1	1/4	1/4	1	65
7	7	24	24	2.0	0	0	Chord	4/4	3	1	1/2	1/2	1	66
7	7	26	26	1.0	1/2	1/2	Chord	4/4	3	1	1/4	1/4	1	67
7	7	27	27	1.0	3/4	3/4	Chord	4/4	3	1	1/4	1/4	1	68
7	7	24	24	2.0	0	0	Chord	4/4	4	1	1/2	1/2	1	69
7	7	26	26	1.0	1/2	1/2	Chord	4/4	4	1	1/4	1/4	1	70
7	7	27	27	1.0	3/4	3/4	Chord	4/4	4	1	1/4	1/4	1	71
8	8	28	28	1.0	0	0	Chord	4/4	1	1	1/4	1/4	1	72
8	8	29	29	1.0	1/4	1/4	Chord	4/4	1	1	1/4	1/4	1	73
8	8	30	30	2.0	1/2	1/2	Chord	4/4	1	1	1/2	1/2	1	74
8	8	28	28	1.0	0	0	Chord	4/4	2	1	1/4	1/4	1	75
8	8	29	29	1.0	1/4	1/4	Chord	4/4	2	1	1/4	1/4	1	76
8	8	30	30	2.0	1/2	1/2	Chord	4/4	2	1	1/2	1/2	1	77
8	8	28	28	1.0	0	0	Chord	4/4	3	1	1/4	1/4	1	78
8	8	29	29	1.0	1/4	1/4	Chord	4/4	3	1	1/4	1/4	1	79
8	8	30	30	2.0	1/2	1/2	Chord	4/4	3	1	1/2	1/2	1	80
8	8	28	28	1.0	0	0	Chord	4/4	4	1	1/4	1/4	1	81
8	8	29	29	1.0	1/4	1/4	Chord	4/4	4	1	1/4	1/4	1	82
8	8	30	30	2.0	1/2	1/2	Chord	4/4	4	1	1/2	1/2	1	83
9	9	32	32	2.0	0	0	Chord	4/4	1	1	1/2	1/2	1	84
9	9	34	34	2.0	1/2	1/2	Chord	4/4	1	1	1/2	1/2	1	85
9	9	32	32	2.0	0	0	Chord	4/4	2	1	1/2	1/2	1	86
9	9	34	34	2.0	1/2	1/2	Chord	4/4	2	1	1/2	1/2	1	87
9	9	32	32	2.0	0	0	Chord	4/4	3	1	1/2	1/2	1	88
9	9	34	34	2.0	1/2	1/2	Chord	4/4	3	1	1/2	1/2	1	89
9	9	32	32	2.0	0	0	Chord	4/4	4	1	1/2	1/2	1	90
9	9	34	34	2.0	1/2	1/2	Chord	4/4	4	1	1/2	1/2	1	91
10	10	36	36	1.0	0	0	Chord	4/4	1	1	1/4	1/4	1	92
10	10	37	37	1.0	1/4	1/4	Chord	4/4	1	1	1/4	1/4	1	93
10	10	38	38	1.0	1/2	1/2	Chord	4/4	1	1	1/4	1/4	1	94
10	10	39	39	1.0	3/4	3/4	Chord	4/4	1	1	1/4	1/4	1	95
10	10	36	36	1.0	0	0	Chord	4/4	2	1	1/4	1/4	1	96
10	10	37	37	1.0	1/4	1/4	Chord	4/4	2	1	1/4	1/4	1	97
10	10	38	38	1.0	1/2	1/2	Chord	4/4	2	1	1/4	1/4	1	98
10	10	39	39	1.0	3/4	3/4	Chord	4/4	2	1	1/4	1/4	1	99
10	10	36	36	1.0	0	0	Chord	4/4	3	1	1/4	1/4	1	100
10	10	37	37	1.0	1/4	1/4	Chord	4/4	3	1	1/4	1/4	1	101
10	10	38	38	1.0	1/2	1/2	Chord	4/4	3	1	1/4	1/4	1	102
10	10	39	39	1.0	3/4	3/4	Chord	4/4	3	1	1/4	1/4	1	103
10	10	36	36	1.0	0	0	Chord	4/4	4	1	1/4	1/4	1	104
10	10	37	37	1.0	1/4	1/4	Chord	4/4	4	1	1/4	1/4	1	105
10	10	38	38	1.0	1/2	1/2	Chord	4/4	4	1	1/4	1/4	1	106
10	10	39	39	1.0	3/4	3/4	Chord	4/4	4	1	1/4	1/4	1	107
11	11	40	40	2.0	0	0	Chord	4/4	1	1	1/2	1/2	1	108
11	11	40	40	2.0	0	0	Chord	4/4	2	1	1/2	1/2	1	109
11	11	40	40	2.0	0	0	Chord	4/4	3	1	1/2	1/2	1	110
11	11	40	40	2.0	0	0	Chord	4/4	4	1	1/2	1/2	1	111
12	12	44	44	2.0	0	0	Chord	4/4	1	1	1/2	1/2	1	112
12	12	46	46	2.0	1/2	1/2	Chord	4/4	1	1	1/2	1/2	1	113
12	12	44	44	2.0	0	0	Chord	4/4	2	1	1/2	1/2	1	114
12	12	46	46	2.0	1/2	1/2	Chord	4/4	2	1	1/2	1/2	1	115
12	12	44	44	2.0	0	0	Chord	4/4	3	1	1/2	1/2	1	116
12	12	46	46	2.0	1/2	1/2	Chord	4/4	3	1	1/2	1/2	1	117
12	12	44	44	2.0	0	0	Chord	4/4	4	1	1/2	1/2	1	118
12	12	46	46	2.0	1/2	1/2	Chord	4/4	4	1	1/2	1/2	1	119
13	13	48	48	1.0	0	0	Chord	4/4	1	1	1/4	1/4	1	120
13	13	49	49	1.0	1/4	1/4	Chord	4/4	1	1	1/4	1/4	1	121
13	13	50	50	1.0	1/2	1/2	Chord	4/4	1	1	1/4	1/4	1	122
13	13	51	51	1.0	3/4	3/4	Chord	4/4	1	1	1/4	1/4	1	123
13	13	48	48	1.0	0	0	Chord	4/4	2	1	1/4	1/4	1	124
13	13	49	49	1.0	1/4	1/4	Chord	4/4	2	1	1/4	1/4	1	125
13	13	50	50	1.0	1/2	1/2	Chord	4/4	2	1	1/4	1/4	1	126
13	13	51	51	1.0	3/4	3/4	Chord	4/4	2	1	1/4	1/4	1	127
13	13	48	48	1.0	0	0	Chord	4/4	3	1	1/4	1/4	1	128
13	13	49	49	1.0	1/4	1/4	Chord	4/4	3	1	1/4	1/4	1	129
13	13	50	50	1.0	1/2	1/2	Chord	4/4	3	1	1/4	1/4	1	130
13	13	51	51	1.0	3/4	3/4	Chord	4/4	3	1	1/4	1/4	1	131
13	13	48	48	1.0	0	0	Chord	4/4	4	1	1/4	1/4	1	132
13	13	49	49	1.0	1/4	1/4	Chord	4/4	4	1	1/4	1/4	1	133
13	13	50	50	1.0	1/2	1/2	Chord	4/4	4	1	1/4	1/4	1	134
13	13	51	51	1.0	3/4	3/4	Chord	4/4	4	1	1/4	1/4	1	135
14	14	52	52	2.0	0	0	Chord	4/4	1	1	1/2	1/2	1	136
14	14	54	54	2.0	1/2	1/2	Chord	4/4	1	1	1/2	1/2	1	137
14	14	52	52	1.0	0	0	Chord	4/4	2	1	1/4	1/4	1	138
14	14	53	53	1.0	1/4	1/4	Chord	4/4	2	1	1/4	1/4	1	139
14	14	54	54	2.0	1/2	1/2	Chord	4/4	2	1	1/2	1/2	1	140
14	14	52	52	2.0	0	0	Chord	4/4	3	1	1/2	1/2	1	141
14	14	54	54	2.0	1/2	1/2	Chord	4/4	3	1	1/2	1/2	1	142
14	14	52	52	2.0	0	0	Chord	4/4	4	1	1/2	1/2	1	143
14	14	54	54	2.0	1/2	1/2	Chord	4/4	4	1	1/2	1/2	1	144
15	15	58	58	2.0	1/2	1/2	Chord	4/4	1	1	1/2	1/2	1	145
15	15	58	58	2.0	1/2	1/2	Chord	4/4	2	1	1/2	1/2	1	146
15	15	58	58	2.0	1/2	1/2	Chord	4/4	3	1	1/2	1/2	1	147
15	15	58	58	2.0	1/2	1/2	Chord	4/4	4	1	1/2	1/2	1	148
16	16	60	60	2.0	0	0	Chord	4/4	1	1	1/2	1/2	1	149
16	16	62	62	1.0	1/2	1/2	Chord	4/4	1	1	1/4	1/4	1	150
16	16	63	63	1.0	3/4	3/4	Chord	4/4	1	1	1/4	1/4	1	151
16	16	60	60	2.0	0	0	Chord	4/4	2	1	1/2	1/2	1	152
16	16	62	62	1.0	1/2	1/2	Chord	4/4	2	1	1/4	1/4	1	153
16	16	63	63	1.0	3/4	3/4	Chord	4/4	2	1	1/4	1/4	1	154
16	16	60	60	2.0	0	0	Chord	4/4	3	1	1/2	1/2	1	155
16	16	62	62	1.0	1/2	1/2	Chord	4/4	3	1	1/4	1/4	1	156
16	16	63	63	1.0	3/4	3/4	Chord	4/4	3	1	1/4	1/4	1	157
16	16	60	60	2.0	0	0	Chord	4/4	4	1	1/2	1/2	1	158
16	16	62	62	1.0	1/2	1/2	Chord	4/4	4	1	1/4	1/4	1	159
16	16	63	63	1.0	3/4	3/4	Chord	4/4	4	1	1/4	1/4	1	160
17	17	64	64	1.0	0	0	Chord	4/4	1	1	1/4	1/4	1	161
17	17	65	65	1.0	1/4	1/4	Chord	4/4	1	1	1/4	1/4	1	162
17	17	66	66	2.0	1/2	1/2	Chord	4/4	1	1	1/2	1/2	1	163
17	17	64	64	1.0	0	0	Chord	4/4	2	1	1/4	1/4	1	164
17	17	65	65	1.0	1/4	1/4	Chord	4/4	2	1	1/4	1/4	1	165
17	17	66	66	2.0	1/2	1/2	Chord	4/4	2	1	1/2	1/2	1	166
17	17	64	64	1.0	0	0	Chord	4/4	3	1	1/4	1/4	1	167
17	17	65	65	1.0	1/4	1/4	Chord	4/4	3	1	1/4	1/4	1	168
17	17	66	66	2.0	1/2	1/2	Chord	4/4	3	1	1/2	1/2	1	169
17	17	64	64	1.0	0	0	Chord	4/4	4	1	1/4	1/4	1	170
17	17	65	65	1.0	1/4	1/4	Chord	4/4	4	1	1/4	1/4	1	171
17	17	66	66	2.0	1/2	1/2	Chord	4/4	4	1	1/2	1/2	1	172
18	18	70	70	2.0	1/2	1/2	Chord	4/4	1	1	1/2	1/2	1	173
18	18	70	70	2.0	1/2	1/2	Chord	4/4	2	1	1/2	1/2	1	174
18	18	70	70	2.0	1/2	1/2	Chord	4/4	3	1	1/2	1/2	1	175
18	18	70	70	2.0	1/2	1/2	Chord	4/4	4	1	1/2	1/2	1	176
19	19	72	72	2.0	0	0	Chord	4/4	1	1	1/2	1/2	1	177
19	19	74	74	1.0	1/2	1/2	Chord	4/4	1	1	1/4	1/4	1	178
19	19	75	75	1.0	3/4	3/4	Chord	4/4	1	1	1/4	1/4	1	179
19	19	72	72	2.0	0	0	Chord	4/4	2	1	1/2	1/2	1	180
19	19	74	74	1.0	1/2	1/2	Chord	4/4	2	1	1/4	1/4	1	181
19	19	75	75	1.0	3/4	3/4	Chord	4/4	2	1	1/4	1/4	1	182
19	19	72	72	2.0	0	0	Chord	4/4	3	1	1/2	1/2	1	183
19	19	74	74	1.0	1/2	1/2	Chord	4/4	3	1	1/4	1/4	1	184
19	19	75	75	1.0	3/4	3/4	Chord	4/4	3	1	1/4	1/4	1	185
19	19	72	72	2.0	0	0	Chord	4/4	4	1	1/2	1/2	1	186
19	19	74	74	1.0	1/2	1/2	Chord	4/4	4	1	1/4	1/4	1	187
19	19	75	75	1.0	3/4	3/4	Chord	4/4	4	1	1/4	1/4	1	188
20	20	76	76	1.0	0	0	Chord	4/4	1	1	1/4	1/4	1	189
20	20	77	77	1.0	1/4	1/4	Chord	4/4	1	1	1/4	1/4	1	190
20	20	78	78	2.0	1/2	1/2	Chord	4/4	1	1	1/2	1/2	1	191
20	20	76	76	1.0	0	0	Chord	4/4	2	1	1/4	1/4	1	192
20	20	77	77	1.0	1/4	1/4	Chord	4/4	2	1	1/4	1/4	1	193
20	20	78	78	2.0	1/2	1/2	Chord	4/4	2	1	1/2	1/2	1	194
20	20	76	76	1.0	0	0	Chord	4/4	3	1	1/4	1/4	1	195
20	20	77	77	1.0	1/4	1/4	Chord	4/4	3	1	1/4	1/4	1	196
20	20	78	78	2.0	1/2	1/2	Chord	4/4	3	1	1/2	1/2	1	197
20	20	76	76	1.0	0	0	Chord	4/4	4	1	1/4	1/4	1	198
20	20	77	77	1.0	1/4	1/4	Chord	4/4	4	1	1/4	1/4	1	199
20	20	78	78	2.0	1/2	1/2	Chord	4/4	4	1	1/2	1/2	1	200
21	21	82	82	2.0	1/2	1/2	Chord	4/4	1	1	1/2	1/2	1	201
21	21	82	82	2.0	1/2	1/2	Chord	4/4	2	1	1/2	1/2	1	202
21	21	82	82	2.0	1/2	1/2	Chord	4/4	3	1	1/2	1/2	1	203
21	21	82	82	2.0	1/2	1/2	Chord	4/4	4	1	1/2	1/2	1	204
22	22	84	84	2.0	0	0	Chord	4/4	1	1	1/2	1/2	1	205
22	22	86	86	1.0	1/2	1/2	Chord	4/4	1	1	1/4	1/4	1	206
22	22	87	87	1.0	3/4	3/4	Chord	4/4	1	1	1/4	1/4	1	207
22	22	84	84	2.0	0	0	Chord	4/4	2	1	1/2	1/2	1	208
22	22	86	86	1.0	1/2	1/2	Chord	4/4	2	1	1/4	1/4	1	209
22	22	87	87	1.0	3/4	3/4	Chord	4/4	2	1	1/4	1/4	1	210
22	22	84	84	2.0	0	0	Chord	4/4	3	1	1/2	1/2	1	211
22	22	86	86	1.0	1/2	1/2	Chord	4/4	3	1	1/4	1/4	1	212
22	22	87	87	1.0	3/4	3/4	Chord	4/4	3	1	1/4	1/4	1	213
22	22	84	84	2.0	0	0	Chord	4/4	4	1	1/2	1/2	1	214
22	22	86	86	1.0	1/2	1/2	Chord	4/4	4	1	1/4	1/4	1	215
22	22	87	87	1.0	3/4	3/4	Chord	4/4	4	1	1/4	1/4	1	216
23	23	88	88	1.0	0	0	Chord	4/4	1	1	1/4	1/4	1	217
23	23	89	89	1.0	1/4	1/4	Chord	4/4	1	1	1/4	1/4	1	218
23	23	90	90	2.0	1/2	1/2	Chord	4/4	1	1	1/2	1/2	1	219
23	23	88	88	1.0	0	0	Chord	4/4	2	1	1/4	1/4	1	220
23	23	89	89	2.0	1/4	1/4	Chord	4/4	2	1	1/2	1/2	1	221
23	23	91	91	1.0	3/4	3/4	Chord	4/4	2	1	1/4	1/4	1	222
23	23	88	88	1.0	0	0	Chord	4/4	3	1	1/4	1/4	1	223
23	23	89	89	1.0	1/4	1/4	Chord	4/4	3	1	1/4	1/4	1	224
23	23	90	90	2.0	1/2	1/2	Chord	4/4	3	1	1/2	1/2	1	225
23	23	88	88	1.0	0	0	Chord	4/4	4	1	1/4	1/4	1	226
23	23	89	89	1.0	1/4	1/4	Chord	4/4	4	1	1/4	1/4	1	227
23	23	90	90	2.0	1/2	1/2	Chord	4/4	4	1	1/2	1/2	1	228
24	24	92	92	4.0	0	0	Chord	4/4	1	1	1	1	1	229
24	24	92	92	4.0	0	0	Chord	4/4	2	1	1	1	1	230
24	24	92	92	4.0	0	0	Chord	4/4	3	1	1	1	1	231
24	24	92	92	4.0	0	0	Chord	4/4	4	1	1	1	1	232
